chunk_id,lecture_id,series,chunk_index,start,end,constituent_segment_ids,text
TQ2005-P01-L001F_chunk_0000,TQ2005-P01-L001F,TQ2005,0,0.0,31.5,idx_0;idx_1;idx_2,چلیے! اَعُوْذُ بِاللّٰهِ مِنَ الشَّیْطَانِ الرَّجِیْمِ، بِسْمِ اللّٰهِ الرَّحْمٰنِ الرَّحِیْمِ۔ سورۃ الفاتحہ قرآن پاک کی سب سے پہلی سورت ہے، اور اس سورت کی فضیلت میں کچھ احادیث بھی وارد ہوئی ہیں۔ حضرت عبداللہ بن عباس فرماتے ہیں کہ ایک دن جبرائیل علیہ السلام رسول اللہ صلی اللہ علیہ وسلم کے پاس بیٹھے ہوئے تھے، کیونکہ یہ آپ کو معلوم ہے نا کہ جب وہ وحی لاتے تھے تو آپ کے پاس بیٹھتے تھے، کہ انہوں نے اپنے اوپر ایک زوردار آواز سنی۔
TQ2005-P01-L001F_chunk_0001,TQ2005-P01-L001F,TQ2005,1,32.4,66.58,idx_3;idx_4;idx_5,انہوں نے اپنا سر اٹھایا، پھر فرمایا: یہ آسمان کا ایک دروازہ ہے جو آج سے پہلے کبھی نہیں کھلا۔ پھر فرمایا: یہ ایک فرشتہ ہے جو آج سے پہلے زمین پر کبھی نہیں اترا۔ پھر اس فرشتے نے آپ صلی اللہ علیہ وسلم کو سلام کیا اور دو نوروں کی خوشخبری دی، اور کہا: یہ دو نور آپ ہی کو دیے جا رہے ہیں، آپ سے پہلے کسی نبی کو نہیں دیے گئے۔ ایک سورۃ الفاتحہ اور دوسرا سورۃ البقرہ کی آخری دو آیات۔
TQ2005-P01-L001F_chunk_0002,TQ2005-P01-L001F,TQ2005,2,67.42,116.76,idx_6;idx_7;idx_8;idx_9;idx_10,آپ جب کبھی ان دونوں میں سے کوئی کلمہ تلاوت کریں، یعنی سورۃ الفاتحہ پڑھیں یا سورۃ البقرہ کی آخری آیات پڑھیں، تو آپ کو طلب کردہ چیز ضرور عطا کی جائے گی، یعنی اس کے بعد دعا قبول ہوتی ہے۔ صحیح مسلم کی روایت ہے۔ تو اس سے پتا چلتا ہے کہ سورۃ الفاتحہ کتنی عظیم سورت ہے اور اس کا پڑھنا کتنا بابرکت ہے، اور اللہ سبحانہ و تعالیٰ نے رسول اللہ صلی اللہ علیہ وسلم پر خاص انعام فرمایا اور آپ کو یہ سورت عطا فرمائی۔ قرآن پاک میں آتا ہے: «وَلَقَدْ اٰتَیْنٰكَ سَبْعًا مِّنَ الْمَثَانِیْ وَالْقُرْاٰنَ الْعَظِیْمَ» کہ ہم نے آپ کو سات بار بار دہرائی جانے والی آیات عطا کی ہیں، اور اس سے مراد سورۃ الفاتحہ ہی ہے۔
TQ2005-P01-L001F_chunk_0003,TQ2005-P01-L001F,TQ2005,3,117.94,145.34,idx_11;idx_12;idx_13,ایک اور حدیث ہے جو بخاری کی ہے، آپ صلی اللہ علیہ وسلم فرماتے ہیں حضرت ابو سعید سے، یعنی اپنے ایک صحابی سے آپ نے فرمایا: میں تجھے قرآن کی ایک ایسی سورت بتلاؤں گا جو قرآن کی سب سورتوں سے بڑھ کر ہے، اور وہ ہے «اَلْحَمْدُ لِلّٰهِ رَبِّ الْعٰلَمِیْنَ»، اور یہی ہے وہ سات آیات جو بار بار دہرائی جاتی ہیں، اور قرآنِ عظیم جو مجھے دیا گیا۔
TQ2005-P01-L001F_chunk_0004,TQ2005-P01-L001F,TQ2005,4,146.54,188.84,idx_14;idx_15;idx_16;idx_17,حضرت ابوہریرہ رضی اللہ عنہ فرماتے ہیں کہ آپ صلی اللہ علیہ وسلم نے فرمایا: سورت الحمد ہی ام القرآن، ام الکتاب اور دہرائی ہوئی سات آیات ہیں۔ یہ ترمذی کی روایت ہے۔ کیا؟ ام القرآن۔ ام کا کیا معنی ہوتا ہے؟ ماں۔ اور ماں سے مراد یہاں کیا؟ یعنی اصل بنیاد، ام الکتاب اور دہرائی ہوئی سات آیات۔ اس سورت کا نام الشفاء بھی ہے اور الرقیہ بھی ہے، یعنی اس کے ذریعے دم بھی کیا جاتا ہے، شفا بھی حاصل ہوتی ہے، اور ویسے تو قرآن سارے کا سارا ہی شفا ہے۔
TQ2005-P01-L001F_chunk_0005,TQ2005-P01-L001F,TQ2005,5,190.06,223.6,idx_18;idx_19;idx_20,سورۃ الفاتحہ ترتیبِ نزولی کے اعتبار سے پانچویں نمبر پر آتی ہے اور یوں یہ نبوت کے ابتدائی دور میں نازل ہوئی، اور یہ پہلی سورت ہے جو پوری کی پوری ایک ہی بار اتری۔ باقی سورتیں تو کس طرح ہوتی ہیں کہ کوئی حصہ ایک دفعہ اترا، پھر کچھ بعد میں اترا، پھر ان کو اکٹھا کیا گیا، لیکن یہ پوری سات آیات اکٹھی اتری ہیں۔ قرآن پاک کا جب آغاز کیا جائے تو حکم ہے کہ اللہ کی پناہ طلب کی جائے شیطان مردود سے۔
TQ2005-P01-L001F_chunk_0006,TQ2005-P01-L001F,TQ2005,6,224.16,254.44,idx_21;idx_22;idx_23,قرآن پاک میں آتا ہے: «فَاِذَا قَرَاْتَ الْقُرْاٰنَ فَاسْتَعِذْ بِاللّٰهِ مِنَ الشَّیْطٰنِ الرَّجِیْمِ» سورۃ النحل، آیت نمبر 98: کہ جب تم قرآن کی تلاوت کرو تو شیطان مردود سے اللہ کی پناہ مانگو۔ تو قرآن پاک کے پڑھنے کے آداب میں سے پہلا ادب کیا ہے کہ شروع میں کیا کیا جائے؟ شیطان مردود سے پناہ مانگی جائے اور اللہ تعالیٰ کی پناہ میں اپنے آپ کو دیا جائے۔
TQ2005-P01-L001F_chunk_0007,TQ2005-P01-L001F,TQ2005,7,254.98,272.42,idx_24;idx_25,کیوں؟ شیطان انسان کے دل میں ویسے بھی بہت وسوسے ڈالتا ہے، لیکن اس کی کوششیں اس وقت اور تیز ہو جاتی ہیں جب انسان اللہ کے راستے کی طرف قدم اٹھاتا ہے اور وہ اس مقام تک پہنچ جاتا ہے کہ اللہ کی کتاب کھول لے۔
TQ2005-P01-L001F_chunk_0008,TQ2005-P01-L001F,TQ2005,8,272.92,309.98,idx_26;idx_27;idx_28;idx_29;idx_30,کیونکہ اب وہ اور زیادہ خوف میں مبتلا ہو جاتا ہے کہ اگر یہ شخص قرآن سے جڑ گیا تو پھر کیا ہو گا، میرے ہاتھ سے نکل جائے گا۔ اور اگر قرآن اس کو سمجھ آ گیا، اس کے دل میں اتر گیا، تو پھر یہ میرے بس میں نہیں رہے گا۔ کیونکہ اللہ تعالیٰ نے قرآن پاک میں فرمایا ہے: «اِنَّ عِبَادِیْ لَیْسَ لَكَ عَلَیْهِمْ سُلْطٰنٌ» جو میرے بندے بن جائیں گے، بے شک میرے بندے، ان پر تیرا کوئی زور نہیں چلے گا۔ تو وہ پورا زور لگاتا ہے کہ انسان قرآن پڑھ کر بھی بھٹکے یا قرآن پڑھتے، سمجھتے ہوئے بھی ادھر ادھر ہو جائے۔ یعنی وہ یہاں بھی، جیسے نماز میں سب سے زیادہ وسوسے ڈالتا ہے، اسی طرح قرآن پڑھتے وقت بھی بہت وسوسے ڈالتا ہے۔
TQ2005-P01-L001F_chunk_0009,TQ2005-P01-L001F,TQ2005,9,310.5,348.34,idx_31;idx_32;idx_33;idx_34,یہ تو بہت مشکل ہے اور یہ تو تمہارے بس کی بات نہیں اور کیا پتا اس کا معنی یہ نہ ہو کچھ اور ہو، اور اس طرح کی باتیں جو انسان کو اس سے پیچھے کر دیں، ہٹا دیں۔ اس لیے بہتر ہے کہ جب انسان قرآن کھولے، پڑھنے لگے تو اعوذ باللہ کے ساتھ ابتدا کرے۔ لہٰذا آپ «اَعُوْذُ بِاللّٰهِ مِنَ الشَّیْطَانِ الرَّجِیْمِ» بھی پڑھ سکتے ہیں، «اَعُوْذُ بِاللّٰهِ السَّمِیْعِ الْعَلِیْمِ مِنَ الشَّیْطٰنِ الرَّجِیْمِ» بھی پڑھ سکتے ہیں، یعنی کسی بھی طرح اللہ تعالیٰ کی پناہ میں آئیں۔ اس کے بعد ہے: «بِسْمِ اللّٰهِ الرَّحْمٰنِ الرَّحِیْمِ» اللہ کے نام سے جو بہت مہربان، بار بار رحم فرمانے والا ہے۔
TQ2005-P01-L001F_chunk_0010,TQ2005-P01-L001F,TQ2005,10,349.52,398.82,idx_35;idx_36;idx_37;idx_38,انسان جب بھی کوئی کام شروع کرتا ہے، کوئی نیا کام، کوئی اہم کام، کوئی قابلِ ذکر کام، تو عموماً وہ کسی کے بھروسے پہ کرتا ہے، ایسے ہی ہے نا؟ کس کس کا بھروسہ لیتا ہے؟ کبھی اپنی طاقت: میں کر سکتی ہوں۔ کبھی اپنی ذہنی طاقت، کبھی قابلیت، کبھی صحت، کبھی اپنی عقل اور علم اور سمجھداری، اور انسان سمجھتا ہے کہ یہ تو میرا کمال ہے، میں کرنے والا ہوں، میں کر سکتا ہوں۔ یا پھر اپنے سے باہر کچھ اور چیزوں کا بھروسہ لیتا ہے: بچے کام آئیں گے یا یہ میرا مال کام آئے گا یا فلاں میرے دوست میرا ساتھ دیں گے یا فلاں انسان میری مدد کرے گا، ایسے ہی ہوتا ہے نا؟
TQ2005-P01-L001F_chunk_0011,TQ2005-P01-L001F,TQ2005,11,399.46,431.86,idx_39;idx_40;idx_41,کوئی اہم کام آپ کرنے لگیں تو کیا خیال آتا ہے؟ ہے میرے پاس پیسے، میں کر سکتا ہوں، ہے مجھے اتنی سمجھ، میں خود یہ سیکھ سکتا ہوں۔ تو یہ بالکل ایک قدرتی سی بات ہے کہ انسان جب بھی کوئی اہم کام، مثلاً آپ اگر آج کل کے حساب سے دیکھیں تو آپ کی زندگی میں اہم کام کیا ہوا ہے؟ قرآن کا آغاز آپ کر رہے ہیں آج، یا اس کورس کا آغاز کیا آپ نے، تو آپ کے دل میں کیا خیال آیا؟
TQ2005-P01-L001F_chunk_0012,TQ2005-P01-L001F,TQ2005,12,433.1,468.7,idx_42;idx_43;idx_44,میرے پاس گاڑی بھی ہے، میرے پاس وقت بھی ہے یا میری ہمت، توفیق بھی ہے، عقل ہے، سمجھ ہے، سب ہے اور میں کر سکتی ہوں۔ قدرتی طور پر شیطان ایسی باتیں ذہن میں ڈالتا ہے اور عام رجحان بھی یہی ہوتا ہے کہ جب ہم کسی اہم کام کے کرنے کا سوچتے ہیں تو ہم سوچتے ہیں: آتا ہے مجھے، میں کر سکتا ہوں۔ کبھی اپنے علم پہ بھروسہ، کبھی اپنی طاقت پہ بھروسہ، کبھی کسی بھی خارجی امر پہ بھروسہ، کبھی اسباب پہ بھروسہ۔ ٹھیک ہے انسان کو اللہ تعالیٰ نے حکم دیا کہ اسباب کو استعمال کرے، لیکن اسباب پہ بھروسہ نہیں! تو کیا کرے؟
TQ2005-P01-L001F_chunk_0013,TQ2005-P01-L001F,TQ2005,13,469.36,505.12,idx_45;idx_46;idx_47,«بِسْمِ اللّٰهِ الرَّحْمٰنِ الرَّحِیْمِ»۔ اللہ! میرے میں طاقت نہیں، تیرے بھروسے پہ کام کرنے جا رہی ہوں، تو کرائے گا۔ کیونکہ ہر چیز پر تیری رحمت چھائی ہوئی ہے۔ میں تیری رحمت کی وجہ سے اس قابل ہوں گی کہ میں یہ کر سکوں، پڑھ سکوں یا پڑھا سکوں یا آ سکوں یا اس پر عمل کر سکوں۔ تو مومن کا طرزِ عمل کیا ہوتا ہے؟ کافر ہے تو شمشیر پہ کرتا ہے بھروسہ، وہ ایک عام شعر آپ نے پڑھا ہو گا نا کہ وہ اسباب پہ بھروسہ کرتے ہیں۔
TQ2005-P01-L001F_chunk_0014,TQ2005-P01-L001F,TQ2005,14,505.72,537.7,idx_48;idx_49;idx_50,ان میں اور آپ میں فرق کیا ہے؟ مومن اسباب اختیار کرتا ہے، بھروسہ نہیں کرتا۔ یہ ایک اندر ایک ایسا فرق آ جاتا ہے ایمان لانے کے بعد اور اللہ کے دین کی طرف آنے کے بعد کہ انسان حقیقی عاجزی اختیار کرتا ہے، ہر کمال اللہ کے لیے، ہر تعریف اللہ کے لیے، اور اپنی صرف کوشش۔ تو سب سے بہتر آغاز کسی بھی کام کے لیے کیا ہو سکتا ہے کہ انسان وہ کام کس طرح شروع کرے؟
TQ2005-P01-L001F_chunk_0015,TQ2005-P01-L001F,TQ2005,15,538.82,579.54,idx_51;idx_52;idx_53;idx_54,اللہ کے بھروسے پر شروع کرے۔ تو ہمیں حکم کیا دیا گیا کہ ہم کیا کریں؟ اپنے کاموں کو کس سے شروع کریں؟ بسم اللہ سے۔ جیسے وضو کرتے وقت، کھانا کھاتے وقت، گھر میں داخل ہوتے وقت، گاڑی میں بیٹھتے وقت، تو جتنے بھی اہم کام ہیں تو ان کے شروع میں آپ کو کیا کرنا ہے؟ بسم اللہ پڑھنا ہے۔ اور اہم ترین کاموں میں سے اہم: قرآن پڑھنا! اس لیے قرآن کے آغاز میں بھی آپ کیا کرتے ہیں؟ «بِسْمِ اللّٰهِ الرَّحْمٰنِ الرَّحِیْمِ» پڑھتے ہیں۔
TQ2005-P01-L001F_chunk_0016,TQ2005-P01-L001F,TQ2005,16,581.92,602.14,idx_55;idx_56,«اَلْحَمْدُ لِلّٰهِ رَبِّ الْعٰلَمِیْنَ»، سب تعریف اللہ کے لیے ہے جو رب ہے تمام جہانوں کا۔ حمد نعمتوں کے اعتراف کے لیے ہوتا ہے، یا حمد کا معنی ہے نعمت کا اعتراف کرنا کہ یہ میرے رب نے ہی مجھے دی ہے۔
TQ2005-P01-L001F_chunk_0017,TQ2005-P01-L001F,TQ2005,17,602.74,626.18,idx_57;idx_58,یہ اسی کی طرف سے مجھے ملی۔ بندۂ مومن ہر خیر اور ہر بھلائی کے ملنے پر بھلائی دینے والے کو یاد کرتا ہے، اس کا شکر کرتا ہے، اس کی طرف رجوع کرتا ہے، اس کا اعتراف کرتا ہے کہ اس نے مجھے دی۔ تو یہ کلمہ جب وہ بولتا ہے تو یہ خالق کو خوش کرتا ہے، مالک کو خوش کرتا ہے۔
TQ2005-P01-L001F_chunk_0018,TQ2005-P01-L001F,TQ2005,18,626.74,672.04,idx_59;idx_60;idx_61;idx_62;idx_63,اسی لیے جب ایک دفعہ انسان دل سے... ایک تو نا زبانی تکرار ہم کرتے رہتے ہیں، وہ بھی ٹھیک ہے، لیکن ایک یہ کہ دل سے کھانا کھاتا ہے یا پانی پیتا ہے یا کوئی بھی نعمت اس کو ملتی ہے جس سے وہ راحت اور سکون پاتا ہے یا خوشی ملتی ہے، چاہے وہ دیکھنے کی ہو، چاہے وہ کھانے کی ہو، چاہے وہ نیند جیسی نعمت ہو، تو وہ کیا کرتا ہے؟ فوراً اللہ کا شکر ادا کرتا ہے اور «الحمد للہ» کہتا ہے۔ تو جو شخص دل سے «الحمد للہ» کہتا ہے تو صحیح مسلم میں آتا ہے: «اَلْحَمْدُ لِلّٰهِ تَمْلَاُ الْمِیْزَانَ» «الحمد للہ» کا کہنا میزان کو بھر دیتا ہے، یعنی اللہ کے نزدیک اتنا پسندیدہ کلمہ ہے۔
TQ2005-P01-L001F_chunk_0019,TQ2005-P01-L001F,TQ2005,19,673.08,701.24,idx_64;idx_65;idx_66,ہم اس کو فار گرانٹڈ لیتے ہیں: بھوک لگی ہے، کھانا ہے ہمارے پاس، کھا لیا، بس ٹھیک ہے۔ تو پھر حق تو نہیں ادا کیا، شکر تو نہیں ادا کیا۔ ہمارے پیسے تھے، ہم بنا کے لائے تھے اور ہم نے کھا لیا، بس؟ نہیں! کتنے ہی لوگ ایسے ہیں جن کے پاس یہ سب کچھ نہیں ہے۔ اگر آپ کو اللہ نے دیا ہے، نوازا ہے، تو پھر دینے والے کا شکر ادا کرنا بھی لازم ہے۔
TQ2005-P01-L001F_chunk_0020,TQ2005-P01-L001F,TQ2005,20,703.14,750.7,idx_67;idx_68;idx_69;idx_70,ترمذی کی روایت ہے: «اَلْحَمْدُ لِلّٰهِ اَفْضَلُ الدُّعَاءِ»، «الحمد للہ» سب دعاؤں سے افضل ہے۔ یعنی جب آپ «الحمد للہ» کہتے ہیں تو اللہ کی رحمت کو اپنی طرف متوجہ کرتے ہیں۔ اسی طرح «الحمد للہ» مختصر ترین ہے، لیکن حمد کے اور بھی کئی طریقے اور انداز ہیں جو مختلف مقامات پر ان کا اظہار کیا گیا۔ مثلاً بندۂ مومن صبح اٹھتا ہے تو «الحمد للہ» سے آغاز کرتا ہے، کھاتا ہے، پیتا ہے تو «الحمد للہ» پڑھتا ہے۔ پھر اسی طرح نماز میں رکوع کے بعد: «حَمْدًا كَثِيرًا طَيِّبًا مُبَارَكًا فِيهِ» یا «مِلْءَ السَّمَاوَاتِ وَمِلْءَ الْأَرْضِ وَمِلْءَ مَا بَيْنَهُمَا وَمِلْءَ مَا شِئْتَ مِنْ شَيْءٍ بَعْدُ»، اور آگے بھی طویل روایت ہے یہ۔
TQ2005-P01-L001F_chunk_0021,TQ2005-P01-L001F,TQ2005,21,751.72,798.6,idx_71;idx_72;idx_73;idx_74,تو اس وقت بھی کھڑے ہو کر وہ اللہ کی نعمتوں کو یاد کر کے شکر ادا کرتا ہے۔ اسی طرح جب کوئی اس کی زندگی میں خاص نعمت آتی ہے تو وہ اپنے اپنے الفاظ میں اس کا اظہار کرتا ہے۔ کیونکہ وہ جو اس سے پہلے میں نے لفظی وضاحت میں عرض کیا تھا کہ وہ جو ایک تھرل دل میں پیدا ہوتی ہے کسی نعمت کو دیکھ کر، تو اس کے بعد پھر بے ساختہ جو الفاظ زبان سے نکلتے ہیں، وہ اللہ کے ہاں بہت ہی ویلیو ایبل یا قدر کیے گئے الفاظ ہوتے ہیں۔ اس لیے ہم دیکھتے ہیں کہ جب کسی شخص نے آپ صلی اللہ علیہ وسلم کے پیچھے نماز پڑھتے وقت رکوع سے اٹھ کر یہ کہا تھا، تو آپ نے پوچھا تھا سلام پھیرنے کے بعد کہ یہ کس نے یہ کلمہ ادا کیا؟ کہا کہ میں نے دیکھا تیس سے زائد فرشتے لپکے اس کلمے کے اٹھانے کے لیے!
TQ2005-P01-L001F_chunk_0022,TQ2005-P01-L001F,TQ2005,22,799.26,821.04,idx_75;idx_76,یعنی اتنی بڑی بات اس نے کہی، اور وہ کیا تھی دراصل؟ محبت کا اظہار تھا، اپنے جذبات کا اظہار تھا کہ یا رب! تیرا شکر کیسے ادا کروں؟ کوئی اس کو نعمت یاد آئی ہو گی اللہ کی۔ تو «الحمد للہ» کہنا بہترین الفاظ میں اللہ کی نعمت کا شکر ادا کرنا ہے۔ تو «اَلْحَمْدُ لِلّٰهِ رَبِّ الْعٰلَمِیْنَ»۔
TQ2005-P01-L001F_chunk_0023,TQ2005-P01-L001F,TQ2005,23,822.08,868.04,idx_77;idx_78;idx_79;idx_80,اور یہاں پر «رَبِّ الْعٰلَمِیْنَ» کیوں کہا گیا؟ کہ یا رب! تو مجھے بھی دیتا ہے اور تو تو پورے جہان کا پالنے والا ہے، سب کی نگہداشت کر رہا ہے، سب کو کھلا رہا ہے، پلا رہا ہے، تیرا کس کس طرح شکر ادا کیا جائے! «الرَّحْمٰنِ الرَّحِیْمِ»، بہت ہی مہربان ہے، بار بار رحم فرمانے والا ہے۔ وہ ہمیں نعمتیں دیتا ہے، ہم گناہ کرتے ہیں، وہ ہمیں پکڑتا نہیں۔ وہ ہمیں اتنا کچھ دیتا ہے جسے ہم گن نہیں سکتے، جس کو شمار نہیں کر سکتے، لیکن جواباً ہم شکر ادا نہیں بھی کرتے تو نعمتیں روکتا نہیں۔ وہ پھر بھی دیتا چلا جاتا ہے، تو یہ سب کچھ کیسے ہے؟
TQ2005-P01-L001F_chunk_0024,TQ2005-P01-L001F,TQ2005,24,868.86,892.7,idx_81;idx_82,آپ دیکھیں نا، آپ کسی کے ساتھ احسان کریں، وہ نہ مانے، پھر کریں، وہ نہ مانے، تیسری دفعہ کریں، وہ نہ مانے، پھر آپ کیا کرتے ہیں؟ کہتے ہیں: بس بہت ہو گئی، کافی! لیکن اللہ تعالیٰ! کتنی مخلوق اس کی ایسی ہے جو صرف لے رہی ہے اور جواب میں اس کا کچھ بھی شکر ادا نہیں کرتی، لیکن اس کے باوجود وہ اپنی نعمتیں اور رحمتیں عام کیے ہوئے ہے۔ تو یہ الرحمٰن اور الرحیم کے سوا کوئی نہیں کر سکتا۔
TQ2005-P01-L001F_chunk_0025,TQ2005-P01-L001F,TQ2005,25,893.54,927.8,idx_83;idx_84;idx_85;idx_86,«الرَّحْمٰنِ» جو ہے یہ فعلان کے وزن پر مبالغے کا صیغہ ہے، بہت زیادہ رحمت فرمانے والا۔ «مٰلِكِ یَوْمِ الدِّیْنِ»، مالک ہے جزا سزا کے دن کا۔ جزا سزا کے دن سے مراد کیا؟ یوم الدین سے مراد قیامت کا دن، اور اس کا وہ مالک ہے۔ تو کیا تصور آتا ہے قیامت کے دن کا؟ مالک ہے، مالک! سارے ڈسیژنز اس کے ہاتھ میں ہیں، ہر چیز اس کے اختیار میں ہو گی، ہر چیز اس کی قدرت میں ہو گی، کمپلیٹلی وہ مالک!
TQ2005-P01-L001F_chunk_0026,TQ2005-P01-L001F,TQ2005,26,929.04,957.62,idx_87;idx_88;idx_89,سورۃ المؤمن میں آتا ہے: «یَوْمَ هُمْ بَارِزُوْنَ ۬ۚ لَا یَخْفٰی عَلَى اللّٰهِ مِنْهُمْ شَیْءٌ ؕ لِمَنِ الْمُلْكُ الْیَوْمَ ؕ لِلّٰهِ الْوَاحِدِ الْقَهَّارِ» «اَلْیَوْمَ تُجْزٰی كُلُّ نَفْسٍۭ بِمَا كَسَبَتْ ؕ لَا ظُلْمَ الْیَوْمَ ؕ اِنَّ اللّٰهَ سَرِیْعُ الْحِسَابِ» وہ دن جب سب لوگ بے پردہ ہوں گے، بغیر لباس کے اور بغیر کسی اوٹ کے سامنے جا کے کھڑے ہوں گے حشر کے دن۔
TQ2005-P01-L001F_chunk_0027,TQ2005-P01-L001F,TQ2005,27,958.44,994.05,idx_90;idx_91;idx_92,اللہ سے ان کی کوئی بات چھپی نہ ہو گی، یعنی بے پردہ صرف جسمانی اعتبار سے نہیں بلکہ اپنے اعمال کے اعتبار سے جو انہوں نے دنیا میں کیے۔ اس روز پکار کے پوچھا جائے گا: آج بادشاہت کس کی ہے؟ آج مالک کون ہے؟ آج بادشاہ کون ہے؟ تو سارا عالم پکار اٹھے گا: «لِلَّهِ الْوَاحِدِ الْقَهَّارِ»، صرف ایک اللہ کی جو بہت زبردست ہے! پھر فرمایا: آج ہر شخص کو اس کی کمائی کا بدلہ دے دیا جائے گا۔ وہ دن بدلے کا دن ہے جس کا وہ مالک ہے، اسی کی بادشاہت ہو گی اس دن اور وہ ہر ایک کو اس کے کیے کا بدلہ دے گا۔
TQ2005-P01-L001F_chunk_0028,TQ2005-P01-L001F,TQ2005,28,995.24,1029.9,idx_93;idx_94;idx_95,آج ہر متنفس کو اس کی کمائی کا بدلہ دیا جائے گا جو اس نے کی تھی، آج کسی پر کوئی ظلم نہ ہو گا اور اللہ حساب لینے میں بہت تیز ہے، حساب لیتے اس کو دیر نہیں لگتی۔ اور آپ نے یہ دنیا میں محسوس کیا ہو گا نا، بعض وقت آپ کی زبان سے کوئی ایک بات نکل جاتی ہے تو فوراً ہی پکڑی جاتی ہے، ہوتا ہے نا ایسے؟ ہم دعویٰ کرتے ہیں: یہ کام تو میں کل ضروری کر لوں گی، یہ کیا مشکل ہے، یہ چیز تو ایسے ہے۔ اور پھر اللہ تعالیٰ بتاتے ہیں کہ اچھا، تم سمجھتے ہو یہ سب تمہارا کمال ہے؟ تو «مٰلِكِ یَوْمِ الدِّیْنِ»، مالک ہے روزِ جزا کا۔
TQ2005-P01-L001F_chunk_0029,TQ2005-P01-L001F,TQ2005,29,1031.6,1063.48,idx_96;idx_97;idx_98,«اِیَّاكَ نَعْبُدُ وَاِیَّاكَ نَسْتَعِیْنُ»، اگر وہ مالک ہے اس دن کا تو پھر ہمیں بھی کیا کرنا چاہیے؟ صرف اس کے بن جانا چاہیے، only yours! کیونکہ مالک جو تو ہے، کوئی اور ہے نہیں نا کہ اس کے وفادار ہوں۔ صرف تیری ہم عبادت کرتے ہیں، صرف تیری! اور عبادت میں کیا؟ عاجزی اور محبت، کہ محبت کے ساتھ تیرے آگے جھکے ہوئے ہیں، تجھ سے ڈرتے بھی ہیں اور تیرے آگے سر رکھے ہوئے ہیں۔
TQ2005-P01-L001F_chunk_0030,TQ2005-P01-L001F,TQ2005,30,1064.1,1109.76,idx_99;idx_100;idx_101;idx_102,عبادت کی اعلیٰ ترین شکل کیا ہے؟ سجدہ، جس میں انسان واقعی عاجزی کا فزیکلی ثبوت دیتا ہے۔ سب سے چھوٹی شیپ ہو جاتی ہے بندے کی، اور انسان اپنا ناک اور اپنا ماتھا، جو دونوں انسان کی عزت کی علامت ہیں، یہ زمین پر ٹیک دیتا ہے اپنے رب کے حضور۔ اور یہ پیشانی صرف اسی کے آگے جھکنی چاہیے، یہ ناک صرف اسی کے آگے زمین پر لگنا چاہیے۔ تو «اِیَّاكَ نَعْبُدُ»، صرف تیری ہم عبادت کرتے ہیں، «وَاِیَّاكَ نَسْتَعِیْنُ»، صرف تجھ سے ہم مدد چاہتے ہیں۔ دنیا میں جو بھی ہماری مشکلات ہیں ان میں بھی تیری ہی مدد چاہیے ہمیں، تیرے ہی بھروسے پہ ہم چل رہے ہیں۔ «اِهْدِنَا الصِّرَاطَ الْمُسْتَقِیْمَ»، تیری عبادت کے لیے ہمیں تیرا ہی بتایا ہوا راستہ چاہیے۔
TQ2005-P01-L001F_chunk_0031,TQ2005-P01-L001F,TQ2005,31,1111.36,1140.32,idx_103;idx_104;idx_105;idx_106,لیکن جس کی ہمیں عبادت کرنی ہے، مرضی بھی تو اسی کی دیکھنی ہے نا! اب عبادت کے نام پہ ہم خود سے کام تھوڑی ایجاد کر سکتے ہیں کہ عبادت اس کی ہو رہی ہے اور کام اپنی مرضی کے ہو رہے ہیں، اور اس کو ہم عبادت کا نام دے دیں؟ خود ساختہ چیزیں دین میں ایجاد کر لیں، دین کے نام پہ، اللہ کے نام پر من مانے کام شروع کر دیں۔ عبادت کس کو کہتے ہیں؟ اللہ کے سامنے جھکنا، اللہ کی اطاعت کرنا، اللہ کی بات ماننا، اور انتہائی محبت کے ساتھ، مصیبت سمجھ کے نہیں، بوجھ سمجھ کے نہیں۔
TQ2005-P01-L001F_chunk_0032,TQ2005-P01-L001F,TQ2005,32,1141.7,1194.62,idx_107;idx_108;idx_109;idx_110;idx_111,تو اس کے لیے ہمیں پھر سیدھا راستہ چاہیے تاکہ ہم اس کو راضی کر سکیں۔ تو «اِهْدِنَا الصِّرَاطَ الْمُسْتَقِیْمَ»، تو ہمیں سیدھا راستہ دکھا دے، یعنی ایسا راستہ کہ جو ہمیں تجھ سے ملا دے، وہ راستہ ہم پر کھول بھی دے، پھر چلنے کی توفیق بھی دے، کیونکہ بعض وقت پتا تو چل جاتا ہے یہ راستہ جاتا ہے، ہم ہی کم ہمت ہو جاتے ہیں، چلا بھی اور پھر آخری دم تک چلا کہ منزل تک پہنچیں! کیونکہ جیسے کہ وہ میں نے حدیث آپ کو سنائی تھی کہ آپ صلی اللہ علیہ وسلم نے ایک مرتبہ زمین پر ایک سیدھا خط کھینچا، اور اس کے دائیں بائیں آڑے خط کھینچے۔ پھر فرمایا کہ یہ اللہ تعالیٰ کا راستہ ہے اور یہ آڑے ترچھے خط پگڈنڈیاں ہیں، اور ان میں سے ہر پگڈنڈی پہ کوئی نہ کوئی شیطان بیٹھا ہوا ہے جو اس کو اپنی طرف بلا رہا ہے۔
TQ2005-P01-L001F_chunk_0033,TQ2005-P01-L001F,TQ2005,33,1195.2,1230.0,idx_112;idx_113;idx_114,کہیں نفس ہے اپنا ہی، کہیں کوئی انسان ہے، کہیں کوئی اور چیز ہے، اور انسان قدم قدم پہ بھول جاتا ہے کیونکہ یہ سب سامنے نظر آتے ہیں، اور اللہ کا راستہ ہمیں دھندلا جاتا ہے۔ تو «اِهْدِنَا الصِّرَاطَ الْمُسْتَقِیْمَ»، اور ہر روز کی، ہر نماز کی، ہر رکعت میں ہم یہی مانگتے ہیں، کیونکہ ہم ہر نماز کے بعد پھر بھول جاتے ہیں۔ پھر نئے سرے سے پھر کھڑے ہوتے ہیں، پھر یہی مانگتے ہیں۔ کبھی آپ نے سوچا کہ یہ اتنی ریپیٹیشن کیوں سورۃ الفاتحہ کی؟ اور جیسا کہ آپ جانتے ہیں کہ نماز ہوتی ہی نہیں کس کے بغیر؟
TQ2005-P01-L001F_chunk_0034,TQ2005-P01-L001F,TQ2005,34,1230.68,1255.56,idx_115;idx_116,سورۃ الفاتحہ کے بغیر! یعنی جس نماز میں سورۃ الفاتحہ نہ ہو وہ نماز، نماز ہی نہیں۔ حضرت ابوہریرہ رضی اللہ عنہ فرماتے ہیں کہ رسول اللہ صلی اللہ علیہ وسلم نے فرمایا: جس نے نماز پڑھی اور اس میں ام القرآن نہ پڑھی، نماز تو پڑھی یہ سورت نہیں پڑھی، اس کی نماز ناقص ہے، ناقص ہے، ناقص ہے، ناتمام ہے۔
TQ2005-P01-L001F_chunk_0035,TQ2005-P01-L001F,TQ2005,35,1256.4,1297.84,idx_117;idx_118;idx_119;idx_120,ابوہریرہ سے ایک صحابی نے پوچھا: اے ابوہریرہ! کبھی میں امام کے پیچھے ہوتا ہوں تو پھر میں کیا کروں؟ ابوہریرہ نے فرمایا: فارسی کے بیٹے! دل میں پڑھ لیا کرو، کیونکہ میں نے رسول اللہ صلی اللہ علیہ وسلم کو یہ کہتے ہوئے سنا کہ اللہ تعالیٰ نے فرمایا: میں نے نماز کو اور مراد یہاں نماز سے سورۃ الفاتحہ ہے، میں نے نماز کو اپنے اور بندے کے درمیان آدھا آدھا تقسیم کر دیا ہے، آدھی میرے لیے ہے اور آدھی میرے بندے کے لیے، جو کچھ وہ سوال کرے، یعنی بندے کے لیے کیا ہے جو وہ مانگے۔
TQ2005-P01-L001F_chunk_0036,TQ2005-P01-L001F,TQ2005,36,1299.58,1329.14,idx_121;idx_122;idx_123,میرا بندہ نماز میں کھڑا ہوتا ہے اور کہتا ہے: «اَلْحَمْدُ لِلّٰهِ رَبِّ الْعٰلَمِیْنَ»، تو اللہ تعالیٰ فرماتا ہے: میرے بندے نے میری تعریف کی، لیکن اگر ہم سوچتے ہی نہیں اس وقت تو اللہ تعالیٰ کیا جواب دیتے ہوں گے؟ پھر وہ کہتا ہے: «الرَّحْمٰنِ الرَّحِیْمِ»، تو اللہ تعالیٰ فرماتا ہے: میرے بندے نے میری ثنا بیان کی، یعنی تعریف کی۔
TQ2005-P01-L001F_chunk_0037,TQ2005-P01-L001F,TQ2005,37,1330.12,1353.58,idx_124;idx_125,پھر وہ کہتا ہے: «مٰلِكِ یَوْمِ الدِّیْنِ»، تو اللہ تعالیٰ فرماتا ہے: میرے بندے نے میری بزرگی بیان کی۔ اور «اِیَّاكَ نَعْبُدُ وَاِیَّاكَ نَسْتَعِیْنُ» میرے اور میرے بندے کے درمیان مشترک ہے، اور سورت کا باقی حصہ میرے بندے کے لیے ہے اور میرے بندے کو وہ کچھ ملے گا جو اس نے مانگا۔
TQ2005-P01-L001F_chunk_0038,TQ2005-P01-L001F,TQ2005,38,1354.64,1385.5,idx_126;idx_127;idx_128,میرے بندے کو وہ کچھ ملے گا جو اس نے مانگا۔ تو مانگتے ہوئے پھر کیفیت کیا ہونی چاہیے؟ واقعی مانگنے والے کی، صرف پڑھنے والے کی نہیں! تو نماز ہو یا نماز کے علاوہ، سورۃ الفاتحہ صرف پڑھی نہیں جاتی، اس کے آدھے حصے میں اللہ تعالیٰ کی تعریف اور حمد بیان کی جاتی ہے اور دوسرے حصے میں اس سے کچھ مانگا جاتا ہے۔
TQ2005-P01-L001F_chunk_0039,TQ2005-P01-L001F,TQ2005,39,1387.1,1415.72,idx_129;idx_130;idx_131,تو جو اچھے سے تعریف کرتا ہے اور پھر اچھے طریقے سے مانگتا ہے، وہ محروم نہیں رہتا۔ تو اس سے پتا چلتا ہے کہ یہ انتہائی اہم سورتوں میں سے ہے جس میں انتہائی اہم دعا مانگی گئی ہے، اور زندگی کی اہم ترین دعا کیا ہے؟ سیدھے راستے کی رہنمائی کی دعا! اب ہم ہر روز مانگتے ہیں: اللہ دکھا! اللہ تعالیٰ کہتا ہے یہ کتاب ہے، دیکھو! اس کو ہم کھولتے نہیں۔
TQ2005-P01-L001F_chunk_0040,TQ2005-P01-L001F,TQ2005,40,1416.64,1453.78,idx_132;idx_133;idx_134,ساری دنیا کے علوم پڑھیں گے، اس کو نہیں پڑھنا چاہتے۔ کیسے راستہ پتا چلے؟ اگر آپ کو یہاں سے کسی دوسرے شہر میں جانا ہو تو نقشہ لیتے ہیں یا نہیں؟ یا ایسے ہی چل پڑتے ہیں ہائی وے پر کہ میں نے ڈرائیونگ لائسنس لے لیا ہے، میں نے ڈرائیونگ ٹیسٹ پاس کر لیا، میں گاڑی چلا سکتی ہوں میں جا رہی ہوں؟ ایسے تھوڑی کرتے ہیں! کیا کرتے ہیں؟ میپ لے کے، ڈائریکشنز لے کے۔ ڈائریکشنز لیتے ہیں کہیں نکلنے سے پہلے یا ایسے ہی اندازاً چل پڑتے ہیں کہ وہ جہاں گاڑیاں جا رہی ہوں گی پیچھے پیچھے میں بھی چلی جاؤں گی؟ ایسے تھوڑی جاتے ہیں، معلوم نہیں کون کدھر جا رہا ہے، مجھے تو وہاں جانا ہے جہاں میری ضرورت ہے۔
TQ2005-P01-L001F_chunk_0041,TQ2005-P01-L001F,TQ2005,41,1454.52,1493.16,idx_135;idx_136;idx_137;idx_138,تو مجھے کسی اور پر ڈیپنڈ نہیں کرنا۔ اگر کبھی بھی آپ کسی اور گاڑی کو فالو کرتے ہوئے اپنی منزل پہ پہنچنے لگے تو کیا ہو گا؟ کہیں اور ہی پہنچ جائیں گے! تو اس طرح آپ صرف معاشرے کو، لوگوں کی بھیڑ کو، لوگوں کے چلنے کو دیکھ کر کہ چلو تم ادھر کو ہوا ہو جدھر کی، اور جدھر لوگ جا رہے ہیں، ریلا جا رہا ہے عوام الناس کا، تم بھی وہی کرتے رہو، نہ اپنی عقل سے سوچو اور نہ اچھے برے کی تمیز جانو، اور کہو کہ ہم تو جنت میں پہنچنے کے کام کر رہے ہیں اور پہنچ جائیں گے اپنی منزل پہ، تو یہ خود کو دھوکا دینا ہے۔ اگر آپ واقعی اللہ کی رضا تک پہنچنا چاہتے ہیں، ابدی خوشیوں تک پہنچنا چاہتے ہیں تو لازم ہے کہ راستہ دیکھیں۔
TQ2005-P01-L001F_chunk_0042,TQ2005-P01-L001F,TQ2005,42,1493.16,1523.62,idx_139;idx_140;idx_141,اس کتاب کو پڑھیں، کیونکہ «ذٰلِكَ الْكِتٰبُ لَا رَیْبَ ۛ فِیْهِ ۛ هُدًى لِّلْمُتَّقِیْنَ» اور ہدی للناس۔ نمبر دو: صرف دیکھ کر پھر اس کو بند نہ کر دیں، چلیں! اور پھر چلتے چلتے رک نہ جائیں بلکہ مرتے دم تک چلیں! یہ دعا ہے جو ہم مانگتے ہیں نماز میں: «اِهْدِنَا الصِّرَاطَ الْمُسْتَقِیْمَ»۔ اب اس صراط کی مزید وضاحت ہے: «صِرَاطَ الَّذِیْنَ اَنْعَمْتَ عَلَیْهِمْ»، ان لوگوں کا راستہ جن پر تُو نے انعام کیا۔
TQ2005-P01-L001F_chunk_0043,TQ2005-P01-L001F,TQ2005,43,1524.74,1553.36,idx_142;idx_143;idx_144,مجھے ان لوگوں کا راستہ چاہیے جن کو تُو نے نوازا، ہدایت سے نوازا، نعمتوں سے نوازا، اپنی رضا سے نوازا، اور جن کو تُو نے اس منزل تک پہنچا دیا، مجھے بھی ویسا ہی بنا دے۔ جن بندوں سے تُو محبت کرتا ہے، مجھے بھی تُو ویسا ہی بنا دے۔ اے اللہ! مجھے اپنی محبت دے، اس کی محبت دے جو تجھ سے محبت کرتا ہو۔ محبت کرنے کا بھی ایک معیار ہے، ہر ایک سے نہیں محبت کی جا سکتی۔
TQ2005-P01-L001F_chunk_0044,TQ2005-P01-L001F,TQ2005,44,1554.32,1586.6,idx_145;idx_146;idx_147,مجھے اس کی محبت دے جو تجھ سے محبت کرتا ہے، اور «وَحُبَّ عَمَلٍ يُقَرِّبُنِي إِلَىٰ حُبِّكَ»، اور ایسے کاموں کی محبت دے، ان کاموں سے محبت دے، ان کاموں میں میرا دل لگا دے جو مجھے تیری محبت دے دیں، جس چیز سے مجھے تیری محبت مل جائے۔ تو «صِرَاطَ الَّذِیْنَ اَنْعَمْتَ عَلَیْهِمْ» کن کا راستہ ہے؟ اللہ کے پیاروں کا راستہ ہے۔ اے اللہ! اپنے پیاروں میں شامل کر لے: «وَاَدْخِلْنِیْ بِرَحْمَتِكَ فِیْ عِبَادِكَ الصّٰلِحِیْنَ»۔
TQ2005-P01-L001F_chunk_0045,TQ2005-P01-L001F,TQ2005,45,1587.52,1611.3,idx_148;idx_149,یوسف علیہ السلام کو جب مصر کی بادشاہت ملی، کیا مانگا انہوں نے؟ «فَاطِرَ السَّمٰوٰتِ وَالْاَرْضِ اَنْتَ وَلِیّٖ فِی الدُّنْیَا وَالْاٰخِرَةِ ۚ تَوَفَّنِیْ مُسْلِمًا وَّاَلْحِقْنِیْ بِالصّٰلِحِیْنَ»۔ جتنے بھی اللہ کے نیک بندے، پیغمبر ہیں، ان سب کی سب سے بڑی تڑپ یہی ہوتی تھی کہ یا رب! اپنے پیاروں کے ساتھ ملا دے، «وَّاَلْحِقْنِیْ بِالصّٰلِحِیْنَ»۔
TQ2005-P01-L001F_chunk_0046,TQ2005-P01-L001F,TQ2005,46,1611.3,1663.16,idx_150;idx_151;idx_152;idx_153;idx_154,«وَاَدْخِلْنِیْ بِرَحْمَتِكَ فِیْ عِبَادِكَ الصّٰلِحِیْنَ»۔ تو ہمیں اپنے لیے بھی روز کیا مانگنا ہے؟ اے اللہ! جن بندوں سے تو راضی ہے، ہمیں بھی ان میں شامل کر، ہمارا نام بھی اسی رجسٹر میں لکھ دے، ہمیں بھی ان جیسے کام کرنے کی توفیق دے: «صِرَاطَ الَّذِیْنَ اَنْعَمْتَ عَلَیْهِمْ»، انعام یافتہ لوگوں جیسا بنا دے۔ اور وہ کون ہیں؟ انبیاء ہیں، اولیاء ہیں، شہداء ہیں، صالحین ہیں۔ سورۃ النساء کی آیت 69 میں ہے: «فَاُولٰٓىِٕكَ مَعَ الَّذِیْنَ اَنْعَمَ اللّٰهُ عَلَیْهِمْ مِّنَ النَّبِیّٖنَ وَالصِّدِّیْقِیْنَ وَالشُّهَدَآءِ وَالصّٰلِحِیْنَ» «غَیْرِ الْمَغْضُوْبِ عَلَیْهِمْ»، اے اللہ! مجھے ان لوگوں جیسا نہیں بننا جن پر تیرا غضب ہوا، جن سے تو ناراض ہوا ہے، ان کا راستہ نہیں چاہیے مجھے۔
TQ2005-P01-L001F_chunk_0047,TQ2005-P01-L001F,TQ2005,47,1664.3,1687.58,idx_155;idx_156,مغضوب علیہم وہ لوگ ہوتے ہیں جو علم پانے کے بعد بھٹکتے ہیں۔ مغضوب علیہم کون ہوتے ہیں؟ جو علم پانے کے بعد بھٹکتے ہیں، اور ضالین وہ ہوتے ہیں جو بغیر علم کے بھٹکتے ہیں۔ بھٹکنے والوں کی دو قسمیں ہیں۔ ہمیں سیدھا راستہ چاہیے نا، مغضوب علیہم اور ضالین کا نہیں چاہیے۔
TQ2005-P01-L001F_chunk_0048,TQ2005-P01-L001F,TQ2005,48,1688.44,1725.2,idx_157;idx_158;idx_159,راستہ گم نہیں کرنا ہم نے، تو کون ہیں جو راستہ گم کیے ہوئے ہیں؟ نمبر ایک: جن پر اللہ کا غضب ہوا، اللہ کی ناراضگی ہوئی ہے، کہ ان کو پتا تھا پھر غلط کام کیے۔ اللہ کیسے ناراض ہوتا ہے؟ جان بوجھ کے غلط کام کرتا ہے، اس پر غضب بھڑکتا ہے۔ آپ نے دیکھا ہو گا کہ آپ کا بچہ جب غلطی کرتا ہے، اس کو پتا نہیں ہوتا، تو آپ کیا کرتے ہیں؟ اگنور کر دیتے ہیں، سمجھا دیتے ہیں، اگنور کر دیتے ہیں، پتا نہیں اس کو۔ لیکن جب پتا ہو، جان بوجھ کے کرے، غصہ آتا ہے کبھی آپ کو؟ آتا ہے غصہ؟
TQ2005-P01-L001F_chunk_0049,TQ2005-P01-L001F,TQ2005,49,1726.72,1760.44,idx_160;idx_161;idx_162,اللہ کا غصہ بھی ان لوگوں پر ہوتا ہے کہ جو پتا چل جانے کے بعد غلط کام کرتے ہیں، اور اس میں مثلاً قرآن پاک میں ایک مثال ہے: «یٰۤاَیُّهَا الَّذِیْنَ اٰمَنُوْا لِمَ تَقُوْلُوْنَ مَا لَا تَفْعَلُوْنَ ۟ كَبُرَ مَقْتًا عِنْدَ اللّٰهِ اَنْ تَقُوْلُوْا مَا لَا تَفْعَلُوْنَ»۔ اے لوگو جو ایمان لائے ہو! کیوں وہ باتیں کہتے ہو جو کرتے نہیں ہو؟ کیا ہی نہیں وہ کچھ جو دعوے ہو رہے ہیں! انتہائی اللہ کا غصہ بھڑکانے والی بات۔ بعض اوقات آپ کہتے ہیں نا: میں نے یہ بھی کیا، میں نے یہ بھی کیا، میں نے یہ بھی کیا، حالانکہ کچھ نہیں کیا ہوتا۔
TQ2005-P01-L001F_chunk_0050,TQ2005-P01-L001F,TQ2005,50,1761.46,1785.06,idx_163;idx_164,«لِمَ تَقُوْلُوْنَ مَا لَا تَفْعَلُوْنَ»، جو کیا نہیں وہ کہہ کیوں رہے ہو کہ کیا ہے؟ تو ایسے تمام کام جن میں غلط بیانی ہو، یہ اللہ کے غضب کو بھڑکانے والی چیز ہے۔ اسی طرح بعض وقت آپ کا کوئی ارادہ نہیں کرنے کا، یعنی نمبر ایک: کیا ہی نہیں اور کہہ رہے ہیں کہ کیا ہے، نمبر دو: ارادہ ہی کوئی نہیں کرنے کا اور کہہ رہے ہیں کہ ہم کریں گے۔
TQ2005-P01-L001F_chunk_0051,TQ2005-P01-L001F,TQ2005,51,1785.9,1824.26,idx_165;idx_166;idx_167;idx_168,«لِمَ تَقُوْلُوْنَ مَا لَا تَفْعَلُوْنَ»، جو کرنا نہیں وہ کیوں کہہ رہے ہیں کہ کریں گے جب اندر نیت ہی کوئی نہیں؟ بعض وقت کوئی ہم سے کچھ مانگتا ہے یا کوئی بات پوچھتے ہیں، ہم کہیں: ہاں کریں گے، کریں گے! کرنا دھرنا کچھ نہیں، اندر نیت ہے ہی نہیں کرنے کی، اور صرف جھوٹ سے دوسرے کو بہلا رہے ہیں، تو یہ چیز اللہ کے غضب کو بھڑکانے والی ہوتی ہے۔ پچھلی قوموں میں سے جتنی بھی قومیں برباد ہوئیں، سب سے پہلے کس کے اوپر تباہی آئی؟ قومِ نوح، پھر ہود، صالح، ان پیغمبروں کی جو قومیں تھیں عاد و ثمود وغیرہ، ان پہ اللہ ناراض ہوا نا؟ تباہ ہوئیں نا یہ قومیں یا نہیں؟
TQ2005-P01-L001F_chunk_0052,TQ2005-P01-L001F,TQ2005,52,1824.98,1854.98,idx_169;idx_170;idx_171;idx_172,پھر کرتے کرتے آگے بنی اسرائیل پہ اللہ کا غضب ہوا۔ تو اللہ تعالیٰ ایسے ہی نہیں کسی قوم کو تباہ کرتا جب تک کہ اس کے اوپر حجت تمام نہ کر دے، اس تک حق نہ پہنچا دے۔ اللہ تعالیٰ نے حق پہنچایا، پیغمبر بھیجے۔ حضرت نوح علیہ السلام کیا کہتے ہیں؟ «قَالَ رَبِّ اِنِّیْ دَعَوْتُ قَوْمِیْ لَیْلًا وَّنَهَارًا» رات دن پکارا، چپکے چپکے بھی پکارا، بلند آواز سے، ہر طرح بتایا، اور پھر سن کے نہیں دیا تو پھر سب کو ڈبو دیا اللہ نے، اللہ کا غضب ٹوٹا!
TQ2005-P01-L001F_chunk_0053,TQ2005-P01-L001F,TQ2005,53,1855.7,1887.42,idx_173;idx_174;idx_175,یہ اس طرح کی جو آفات ہوتی ہیں وہ ایک طرح سے اللہ کا غضب بھی ہوتی ہیں کہ جب کسی کے اندر کوئی خیر باقی نہیں رہتی تو پھر صفایا ہوتا ہے کہ یہ کوڑا کرکٹ ہے، صاف کرو اس کو، یہ جینے کے لائق نہیں۔ تو اے اللہ! ہمیں ایسے لوگوں میں شامل نہ کرنا جن سے تو ناراض ہوتا ہے۔ یہ سمپل معنی ہے۔ ہم جب اس کی تفسیر کرتے ہیں، کبھی کسی ایک قوم، دو قوموں کے اوپر نام لگا دیتے ہیں کہ یہ مغضوب ہیں، اور پھر کہتے ہیں ہم تو الحمد للہ ہدایت یافتہ ہیں! حالانکہ کام ہم بھی وہی کر رہے تھے جو انہوں نے کیا۔ جیسے آپ نے فرمایا: تم ہر اس کھوہ میں گھسو گے جہاں بنی اسرائیل یا پہلی قومیں گھسیں۔
TQ2005-P01-L001F_chunk_0054,TQ2005-P01-L001F,TQ2005,54,1888.42,1908.92,idx_176;idx_177,تو سب غلط کام کر کے پھر ہم کہیں اللہ ہم سے راضی ہے؟ آج آپ دیکھیں، مجموعی طور پر مسلمانوں کا حال کیا ہے؟ کبھی سوچا کیوں؟ ہر وقت دوسروں کو بلیم کرتے ہیں: وہ فلاں نے ہمارے پر بڑا ظلم کیا، فلاں نے سازش کی، فلاں نے... سب یہی بولی بول رہے ہوتے ہیں۔ کبھی نہیں سوچتے ہم نے بھی تو کچھ کیا ہو گا، وہ ہم نے کیا کیا؟
TQ2005-P01-L001F_chunk_0055,TQ2005-P01-L001F,TQ2005,55,1909.44,1962.9,idx_178;idx_179;idx_180;idx_181;idx_182;idx_183,آخر ہم کلمہ گو ہیں، اللہ کیوں ناراض ہے ہم سے؟ ہمیں اس طرح بھی سوچنا ہے کہ ہماری غلطی کہاں ہے۔ اور بہت بڑی غلطی ہوتی ہے کہ جب ہم دعوے بڑے بڑے کرتے ہیں۔ یہود بھی تو کہتے ہیں: ہم اللہ کے بیٹے ہیں، اللہ کے محبوب ہیں، اللہ کے بڑے پیارے ہیں۔ ہم بھی کیا کہتے ہیں؟ ہم حضور صلی اللہ علیہ وسلم کی امت ہیں اور آپ کے لاڈلے ہیں اور آپ کے بہت پیارے ہیں، اور ہم آپ سے بھی بڑی محبت کرتے ہیں، لیکن اس کے بعد ایک سنت پر عمل کرنے کو تیار نہیں! تو جب آپ دعویٰ کر رہے ہیں محبت کا: «قُلْ اِنْ كُنْتُمْ تُحِبُّوْنَ اللّٰهَ فَاتَّبِعُوْنِیْ یُحْبِبْكُمُ اللّٰهُ» اللہ کی محبت چاہیے تو کیا کرو؟ پھر وہ کرو جو پیغمبر نے کیا، جو اس کے محبوب نے کیا۔ تو «مَغْضُوْبِ عَلَیْهِمْ» صرف کسی خاص قوم کی طرف اشارہ نہیں، یہ ہر اس بندے کی طرف اشارہ ہے کہ جو اللہ کے غضب کو بھڑکانے والے کام کرے۔
TQ2005-P01-L001F_chunk_0056,TQ2005-P01-L001F,TQ2005,56,1964.04,1988.22,idx_184;idx_185,باتیں کرے یا کام کرے۔ اور ان میں نمبر ون: جو نہ کیا ہو وہ کہے کہ میں نے کیا ہے، اور جو نہ کرنا ہو وہ کہے کہ میں کروں گا۔ «وَلَا الضَّآلِّیْنَ»، ض، ل، ل، راستہ گم کرنا لاعلمی کی وجہ سے۔ پتا ہی نہیں، ڈائریکشن لیے بغیر گھر سے نکل کھڑے ہوئے، کوئی نہ سیکھا نہ جانا نہ بوجھا اور چل پڑے۔
TQ2005-P01-L001F_chunk_0057,TQ2005-P01-L001F,TQ2005,57,1989.06,2018.7,idx_186;idx_187;idx_188,ایسے لوگ جو لاعلمی سے بھٹکتے ہیں ان کے لیے کیا حکم ہے؟ کہ وہ ضالین ہیں۔ یا اللہ! ہمیں ضالین میں شامل نہ کرنا، بھٹکنے والوں میں شامل نہ کرنا جنہوں نے اپنا راستہ گم کر دیا، جنہوں نے راستہ جاننے کی زحمت ہی گوارا نہیں کی۔ دنیا میں بے شمار لوگ ایسے ہیں، بے شمار، ان گنت! کیا کرتے ہیں وہ؟ راستہ جاننے کے لیے اس کو کھولتے ہی نہیں۔
TQ2005-P01-L001F_chunk_0058,TQ2005-P01-L001F,TQ2005,58,2019.3,2066.28,idx_189;idx_190;idx_191;idx_192,ہے نا؟ انجانے میں بھٹک رہے ہیں۔ کیوں غلط کام کر رہے ہیں؟ پتا ہی نہیں کہ صحیح کیا ہے، صحیح اور غلط کی تمیز ہی کوئی نہیں۔ تو یا اللہ! ہمیں نہیں ان میں شامل کرنا۔ تو ہمیں کس میں پھر شامل کرنا؟ انعام یافتہ لوگوں میں۔ انعام، سب سے پہلا انعام کیا ہے؟ ہدایت کا انعام، کہ اللہ کسی پر دینِ اسلام کی نعمت کھول دے: «اَتْمَمْتُ عَلَیْكُمْ نِعْمَتِیْ»، اسلام کو نعمت کہا گیا۔ تو جو اسلام میں داخل ہو گیا، پھر اس کے بعد اس کو راستہ مل گیا، سچا راستہ، پھر اس کے بعد اس نے دین کا علم حاصل کیا، چلتا رہا، کیونکہ ساری زندگی سیکھتا ہوا چلتا رہتا ہے، چلتا رہتا ہے، جب تک موت نہیں آ جاتی یہ سفر جاری رہتا ہے، سیکھتا رہتا ہے انسان، اور پھر آخر اپنے رب سے جا ملا نفسِ مطمئنہ بن کے۔
TQ2005-P01-L001F_chunk_0059,TQ2005-P01-L001F,TQ2005,59,2067.38,2093.46,idx_193;idx_194;idx_195,یہ ہے وہ راستہ جو انعام یافتہ لوگوں کا راستہ ہے۔ اور اب ہمیں اپنے لیے کیا سبق لینا ہے؟ کہ جو پڑھا ہے یا جو جانتے ہیں، اس پر حتیٰ الوسع عمل کی کوشش کریں۔ اب آپ کہیں گے: نہیں ہم تو جانتے نہیں، ہم نہیں جانتے۔ ظاہر ہے ہم جاننے کی کوشش نہیں کرتے، کیا چھوٹ جائیں گے؟ دوسری کیٹگری میں آ گریں گے، اور وہ کون سی ہے؟ جو انجان ہے۔
TQ2005-P01-L001F_chunk_0060,TQ2005-P01-L001F,TQ2005,60,2094.22,2137.76,idx_196;idx_197;idx_198;idx_199,بہت سے لوگ کیا کرتے ہیں؟ جب ان سے یہ کہا جائے کہ دیکھو جو پڑھ رہے ہو عمل کرو، تو کہتے ہیں: ہم پڑھتے ہی نہیں! ایسے کہتے ہیں نا؟ ہم انجان بن جاتے ہیں۔ تو یہ ضالین کون ہیں؟ انجان۔ ہر روز نماز میں تو ہم یہ کہتے ہیں: یا رب ہمیں سیدھا راستہ دکھا، اپنے پسندیدہ بندوں میں داخل کر، غضب والوں میں نہیں، بھٹکنے والوں میں نہیں، اور پھر ہم یا تو جان کے کچھ عمل نہیں کرتے یا پھر جاننے کی کوشش ہی نہیں کرتے۔ تو ان دونوں سے نکل کر کرنے کا کام کیا ہے؟ «اَنْعَمْتَ عَلَیْهِمْ» میں شامل ہونا، دینِ اسلام کی نعمت کو واقعی نعمت سمجھنا، قبول کرنا، اس کا حق ادا کرنا، اس کو سمجھنے کی کوشش کرنا۔ اور اسی کے اوپر آخر میں کیا کہا جاتا ہے؟ آمین!
TQ2005-P01-L001F_chunk_0061,TQ2005-P01-L001F,TQ2005,61,2139.46,2177.54,idx_200;idx_201;idx_202,حضرت ابوہریرہ رضی اللہ عنہ فرماتے ہیں کہ رسول اللہ صلی اللہ علیہ وسلم نے فرمایا: جب امام «وَلَا الضَّآلِّیْنَ» کہے تو تم آمین کہو، جس کا آمین کہنا فرشتوں کے آمین کہنے کے موافق ہو گیا اس کے پچھلے گناہ بخش دیے جاتے ہیں۔ ٹھیک ہے؟ جب امام «وَلَا الضَّآلِّیْنَ» کہے، جیسے مسجد میں خاص طور پر، تو تم آمین کہو، جس کا آمین کہنا فرشتوں کے آمین کہنے سے مل گیا، موافق ہو گیا، اس کے پچھلے گناہ بخش دیے جائیں گے۔ صحیح بخاری کی روایت ہے۔ اسی طرح عطاء بن ابی رباح کہتے ہیں کہ آمین دعا ہے۔
TQ2005-P01-L001F_chunk_0062,TQ2005-P01-L001F,TQ2005,62,2179.06,2205.52,idx_203;idx_204;idx_205,آمین کیا ہے اصل میں؟ دعا: اے اللہ! دعا قبول کر لے! یعنی دعا کر کے ہم پھر آخر میں کیا کہتے ہیں؟ یا رب! آمین کہنے کا مطلب کیا؟ یا رب! جو ہم نے مانگا ہے تو اس کو قبول کر دے، پورا کر دے، ایسا ہی ہو جائے۔ اچھا یہ یاد رکھیے کہ یہ لفظ آمّین نہیں ہے، میم کی شد کے ساتھ نہیں ہے، کیا ہے؟ آمین، آمین ہے، ٹھیک ہے؟ چلیے، الحمد للہ سورت مکمل ہوئی۔
TQ2005-P01-L001F_chunk_0063,TQ2005-P01-L001F,TQ2005,63,2206.42,2215.72,idx_206,اور ایسا ہے کہ اب آپ اس سورۃ الفاتحہ کو ان شاء اللہ ریپیٹ کریں گے تلاوت کے ساتھ، تو اب آپ تلاوت سنیے۔
TQ2005-P01-L001F_chunk_0064,TQ2005-P01-L001F,TQ2005,64,2215.72,2286.92,idx_207,«اَعُوْذُ بِاللّٰهِ مِنَ الشَّیْطَانِ الرَّجِیْمِ ۟ بِسْمِ اللّٰهِ الرَّحْمٰنِ الرَّحِیْمِ ۟ اَلْحَمْدُ لِلّٰهِ رَبِّ الْعٰلَمِیْنَ ۟ۙ الرَّحْمٰنِ الرَّحِیْمِ ۟ۙ مٰلِكِ یَوْمِ الدِّیْنِ ۟ؕ اِیَّاكَ نَعْبُدُ وَاِیَّاكَ نَسْتَعِیْنُ ۟ؕ اِهْدِنَا الصِّرَاطَ الْمُسْتَقِیْمَ ۟ۙ صِرَاطَ الَّذِیْنَ اَنْعَمْتَ عَلَیْهِمْ ۙ۬ غَیْرِ الْمَغْضُوْبِ عَلَیْهِمْ وَلَا الضَّآلِّیْنَ ۟۠ آمين»
TQ2005-P01-L001F_chunk_0065,TQ2005-P01-L001F,TQ2005,65,2286.92,2329.16,idx_208;idx_209;idx_210;idx_211;idx_212,یا پھر آپ نے دل پہ لی؟ جنہوں نے بہت اچھا سوچا کہ میں آج اس بات پر غور کروں گی کہ کون سی ایسی باتیں ہیں جو مجھے پتا ہیں اور میں ان پر عمل کی کوشش نہیں کرتی۔ اگر آپ سب بھی اسی ایکٹیویٹی کو لے لیں، اور پھر کل آ کر گروپ میں تھوڑا سا اس کے اوپر ڈسکس کریں کہ کون کون سی چیزیں آپ نے ایسی نکالیں کہ جو آپ کو پتا ہیں اور پھر بار بار غلطی کر جاتے ہیں۔ مثلاً میں اپنی ایک چھوٹی سی مثال دیتی ہوں، چھوٹی سی سنت ہے، لیکن مجھے اس سنت پر عمل کرنے میں اتنی مشکل پیش آئی اور میں اتنی دفعہ اس پر بھولی اور بھٹکی ہوں کہ بتا نہیں سکتی کہ واش روم جاتے ہوئے کون سا پاؤں اندر رکھنا ہے اور باہر نکلتے وقت کون سا!
TQ2005-P01-L001F_chunk_0066,TQ2005-P01-L001F,TQ2005,66,2329.98,2358.66,idx_213;idx_214;idx_215,معمولی سی بات ہے دیکھنے میں، لیکن ایک سنت تو ہے! آپ صلی اللہ علیہ وسلم نے جو طریقہ اختیار کیا اور پھر ہمیں سکھایا تو کیوں نہ کریں؟ آخر اس میں کوئی حکمت ہے، مصلحت ہے۔ جانا تو ہے میں نے، نکلنا بھی ہے، کیوں نہ میں سنت کے مطابق جاؤں اور آؤں؟ ایک دفعہ جب رکھ بیٹھتی تھی پاؤں پھر کہتے ہیں: اوہ دیکھا نا! سویرے سویرے ہی غلطی کر بیٹھی! میرے دن کا آغاز سنت کی مخالفت سے ہو رہا ہے، یہ میں اپنے آپ کو اس طرح کوستی تھی۔ میں نے واش روم میں لکھ کے لگایا، یعنی بایاں پہلے اندر کرنا ہے اور پھر نکلتے وقت دایاں باہر نکالنا ہے پہلے۔
TQ2005-P01-L001F_chunk_0067,TQ2005-P01-L001F,TQ2005,67,2359.58,2389.32,idx_216;idx_217;idx_218,یعنی کر کر کے، کر کر کے، کر کر کے... یہ نہیں کہ ہمیں ایک دفعہ پتا چل گیا اور پھر ہم پاس ہو گئے۔ یہ تو امتحان ہے! روز ٹیسٹ کرنا پڑتا ہے اپنے آپ کو۔ یہ بالکل ایسے ہی جیسے جوتا اتاریں تو پہلے لیفٹ اتاریں، جب پہنیں تو پہلے رائٹ پہنیں، وہی سیکوئنس ہے۔ الحمد للہ اس سنت پر مجھے مشکل کبھی نہیں ہوئی کہ جوتا اتارنے، پہننے میں، it was very easy۔ لیکن معلوم نہیں کیا، مجھے لگتا ہے وہ شیطان کا گھر ہوتا ہے نا تو وہ رائٹ اوے بھلواتا ہے۔
TQ2005-P01-L001F_chunk_0068,TQ2005-P01-L001F,TQ2005,68,2390.42,2419.88,idx_219;idx_220;idx_221,تو اینی ہاؤ، چھوٹی چھوٹی چیزیں ہیں زندگی میں جن کے اوپر ہمیں عرصہ لگتا ہے کرتے کرتے، اور پھر بھولتے ہیں اور پھر کرتے ہیں۔ تو ہمیں ایسی چیزیں... دیکھیے، یہ سبق پھر یاد دلاؤں گی: روز اپنا حساب خود کرنا ہے۔ وَاٰخِرُ دَعْوٰنَا اَنِ الْحَمْدُ لِلّٰهِ رَبِّ الْعٰلَمِیْنَ۔ سُبْحَانَكَ اللّٰهُمَّ وَبِحَمْدِكَ، نَشْهَدُ اَنْ لَّا اِلٰهَ اِلَّا اَنْتَ، نَسْتَغْفِرُكَ وَنَتُوْبُ اِلَیْكَ۔ اَلسَّلَامُ عَلَیْكُمْ وَرَحْمَةُ اللّٰهِ وَبَرَكَاتُهُ۔
